III | III | 3i | 3i Group | 3i Group plc | Three i | Three i Group | Three i Group plc | 3i plc | Three i plc | 3 i | 3 i group | 3 i group plc | 3 i plc | Three i plc | 3i Grp | ADM | ADM | Admiral Group | Admiral Group plc | Admiral | Admiral Grp | AAL | AAL | Anglo American plc | Anglo American | Angloamerican | Anglo-American | ANTO | ANTO | Antofagasta | Antofagasta plc | Anto Fagasta | AHT | AHT | Ashtead Group | Ashtead | Ashtead Group plc | Ashtead plc | Ashtead Grp | ABF | ABF | Associated British Foods | British Foods | Associated British Food | British Food | Associated British Food plc | A B Food | A. B. Food | A. B. Food Group | A B Food Group | A.B.FOOD | A.B. Food | A.B Food | AZN | AZN | AstraZeneca | AstraZeneca plc | Astra Zeneca | AV. | AV. | AV | Aviva | Aviva plc | BA. | BA. | BA | BAE Systems | BAE | BAE Systems plc | BAE Sys | BARC | BARC | Barclays | Barclays plc | Barclays Bank | BDEV | BDEV | Barratt Developements | Barratt | Barratt Developments plc | Barrat Devel | BKG | BKG | Berkeley Group Holdings | Berkeley Group | Berkeley | Berkeley Group Holdings plc | Berkeley GP. HLD | Berkely | Berkely Group | Berkely GP HLD | BLT | BHP | BHP Billiton Limited | BHP Billiton plc | Broken Hill Proprietary | BHP Billiton | BLT | BAS | BATS | British American Tobacco | British American Tobacco plc | BR.AMER.TOB. | BLND | BLND | British Land | British Land Company | British Land Company plc | British Land plc | BR.LAND | BT.A | BT.A | BT | BT Group | BT Group plc | British Telecom | British Telecommunications | British Telecommunications plc | BTA | BNZL | BNZL | Bunzl | Bunzl plc | BRBY | BRBY | Burberry | Burberry Group | Burberry Group plc | Burberry Grp | CCL | CCL | Carnival Corporation & plc | Carnival | Carnival Corporation | Carnival Corporation and plc | CNA | CNA | Centrica | Centrica plc | CCH | CCH | Coca Cola | Coca-Cola | Coca-Cola HBC AG | Coca-Cola HBC | Coca-Cola Hellenic Bottling Company | Coca-Cola Hellenic | Coca Cola Hellenic | Coca Cola Hellenic Bottling Company | Coca Cola HBC | Cocacola HBC AG | Cocacola | Cocacola HBC | CPG | CPG | Compass | Compass Group | Compass Group plc | CRH | CRH | CRH plc | Cement Roadstone Holdings | Cement Roadstone | Cement Roadstone Holdings plc | CRDA | CRDA | Croda International | Croda | Croda International plc | Croda Intl. | DCC | DCC | DCC plc | Development Capital Corporation | Development Capital Corporation Limited | Development Capital | DGE | DGE | Diageo | Diageo plc | DLG | DLG | Direct Line Group | Direct Line | Direct Line Insurance | Direct Line Insurance Group | EZJ | EZJ | easyJet | easyJet Airline Company Limited | easy Jet | easyJet Airline | easyJet Airline Company | EVR | EVR | Evraz | Evraz plc | EXPN | EXPN | Experian | Experian plc | FERG | FERG | Ferguson | Ferguson plc | FRES | FRES | Fresnillo | Fresnillo plc | GFS | GFS | G4S | Group 4 Securicor | Group Four S | Group Four | Group 4 | G4S plc | Group Four Securicor | Group 4 S | g4s | G4s | GKN | GKN | GKN plc | Guest Keen Nettlefolds | Guest Keen and Nettlefolds | Guest| Keen and Nettlefolds | Guest Keen & Nettlefolds | GSK | GSK | GlaxoSmithKline | GSK plc | GlaxoSmithKline plc | Glaxo Smith Kline | GLEN | GLEN | Glencore | Glencore plc | Global Energy Commodity Resources | HLMA | HLMA | Halma | Halma plc | HMSO | HMSO | Hammerson | Hammerson plc | HL. | HL | HL. | Hargreaves Lansdown | Hargreaves Lansdown plc | HL plc | Hargreaves Lans | BP. | BP. | BP | British Petroleum | British Petrol | BP plc | BP Oil | HSBA | HSBC | HSBA | HSBC Holdings plc | HSBC Holdings | Hongkong and Shanghai Bank | Hong Kong and Shanghai Bank | HSBC HLDGS.UK | IMB | IMB | Imperial Brands | Imperial Brands plc | Imperial Tobacco Group | Imperial Tobacco | Imperial Tobacco Group plc | Imperial | Imperial Brands Tobacco | IMP.BRANDS | Imp. Brands | Imp Brands | INF | INF | Informa | Informa plc | Informa Publishing | IHG | IHG | InterContinental Hotels Group | InterContinental Hotels | InterContinental Hotels Group plc | InterCon. Hotel | InterCon Hotel | IAG | IAG | International Airlines Group | International Consolidated Airlines Group| S.A. | International Consolidated Airlines Group | International Consolidated Airlines | INTL Consol Air | Consol Air | ITRK | ITRK | Intertek | Intertek Group | Intertek Group plc | ITV | ITV | ITV plc | Independent Television | JMAT | JMAT | Johnson Matthey | JE. | JE. | Just Eat | JE | KGF | KGF | Kingfisher plc | Kingfisher | LAND | LAND | Land Securities | Land Securities Group | Land Securities Group plc | Lands Secs. | Land Secs | LGEN | LGEN | Legal & General | Legal and General | Legal and General Group | Legal and General Group plc | Legal & General Group | Legal & General Group plc | L and G | L & G | L&G | Legal&Gen | Legan&General | LLOY | LLOY | Lloyds Banking Group | Lloyds Banking Group plc | Lloyds Banking | Lloyds Bank | Lloyds Banks | Lloyds | Lloyds Grp | LSE | LSE | London Stock Exchange Group | London Stock Exchange Group plc | London Stock Exchange | LON.STK.EXCH | MKS | MKS | Marks & Spencer | Marks and Spencer | Marks and Spencer plc | M&S | M & S | Marks & Spencer plc | M and S | Marks & Sp. | MDC | MDC | Mediclinic International | Mediclinic International plc | Mediclinic | Medi-Clinic | Medi-Clinic International | MCRO | MCRO | Micro Focus | Micro Focus International | Micro Focus International plc | MNDI | MNDI | Mondi | Mondi plc | MRW | MRW | Morrisons | Wm Morrisons Supermarkets plc | Morrisons Supermarkets plc | Morrisons Supermarkets | Morrisons Supermarket | Wm Morrison | Morrison Supermarkets plc | Wm Morrison Supermarkets plc | Morrison Supermarkets | Morrison Supermarket | NG. | NG. | NG | National Grid plc | National Grid | NMC | NMC | NMC Health | New Medical Centre | New Medical Centre Health | OML | OML | Old Mutual | Old Mutual plc | Old Mutual Banks | Old Mutual Bank | PPB | PPB | Paddy Power Betfair | Paddy Power | Betfair | Paddy Power Betfair plc | Paddy Pwr Bet | PSON | PSON | Pearson plc | Pearson | Pearson Publishing | PSN | PSN | Persimmon plc | Persimmon | PRU | PRU | Prudential plc | Prudential | Prudential Insurance | Prudential Life Insurance | NXT | NXT | Next plc | Next | RRS | RRS | Randgold Resources | Randgold | RB. | RB. | RB | Reckitt Benckiser | Reckitt Benckiser Group plc | Reckitt Benckiser Group | Reckitt Ben. Gp | REL | REL | RELX Group | Relex | RELX | RTO | RTO | Rentokil Initial | Rentokil | Rentokil Initl. | RIO | RIO | Rio Tinto Group | Rio Tinto | RR. | RR. | RR | Rolls-Royce Holdings | Rolls Royce Holdings | Rolls Royce | Rolls-Royce | Rolls-Royce Holdings plc | Rolls Royce Holdings plc | Rolls-Royce HLG | RBS | RBS | The Royal Bank of Scotland Group | Royal Bank of Scotland | The Royal Bank of Scotland Group plc | RBS Group | RBS Group plc | Royal Bank of Scotland Group | Royal Bank of Scotland Group plc | RBS Banks | RBS Bank | Royal Bank Scot | RDS | RDS | Royal Dutch Shell | Shell | Shell Oil | Royal Dutch Shell Oil | Royal Dutch Shell plc | RDSA | Shell A | Shell Oil A | Royal Dutch Shell Oil A | Royal Dutch Shell plc A | RDSA | Royal Dutch Shell A | RDS 'A' | RDS A | RDSB | RDSB | Royal Dutch Shell B | Shell B | Shell Oil B | Royal Dutch Shell Oil B | Royal Dutch Shell plc B | RDS B | RDS 'B' | RSA | RSA | RSA Insurance Group | RSA Insurance Group plc | Royal and Sun Alliance | RSA Insurance | Royal and Sun Alliance Insurance | Royal and Sun Alliance Insurance Group | RSA Ins | SGE | SGE | Sage Group | Sage Group plc | Sage | Sage Grp | SBRY | SBRY | Sainsbury's | J Sainsbury plc | Sainsbury plc | Sainsbury | Saintsbury | Saintsbury's | Sainsbury Supermarkets | Saintsbury Supermarkets | Sainsbury's Supermarkets | Saintsbury's Supermarkets | Sainsbury J | SDR | SDR | Schroders | Schroders plc | SMT | SMT | Scottish Mortgage Investment Trust | Scottish Mortgage | Scottish Mortgage Investment | Scottish Mort | SGRO | SGRO | Segro | Segro plc | Slough Estates | SVT | SVT | Severn Trent | Severn Trent plc | SHP | SHP | Shire plc | Shire | SKY | SKY | Sky plc | SN. | SN. | SN | Smith & Nephew | Smith and Nephew plc | Smith and Nephew | Smith & Nephew plc | Smith&Nephew | SMDS | SMDS | Smith| D.S. | Smith D.S. | Smith DS | DS Smith plc | DS Smith | D.S. Smith | D.S. Smith plc | David Solomon Smith | Smith DS | SMIN | SMIN | Smiths Group | Smiths Group plc | Smiths | SKG | SKG | Smurfit Kappa | Smurfit Kappa Group | Smurfit Kappa Group plc | Smurfit Kap | SSE | SSE | SSE plc | Scottish and Southern Energy | Scottish and Southern Energy plc | STAN | STAN | Standard Chartered | Standard Chartered plc | Stand.Chart. | Stand. Chart | Stand Chart | SLA | SLA | Standard Life Aberdeen | Standard Life Aberdeen plc | Standard Life Aberdeen Investment | Std Life Aber | STJ | STJ | St. James's Place plc | St. James's Place Wealth Management | St James' Place | St. James's Place | St. James' Place | St James's Place | St.James's Plac | TW. | TW | TW. | Taylor Wimpey | Taylor Wimey plc | Taylor Woodrow plc | Taylor Woodrow | TSCO | TSCO | Tesco | Tesco's | Tesco Supermarket | Tesco plc | Tesco Supermarkets | Tesco's Supermarktets | TUI | TUI | TUI Group | Touristik Union International | Aktiengesellschaft | Touristik Union International Group | TUI AG | ULVR | Unilever | ULVR | Unilever plc | Unilever gN.V. | UU. | UU. | UU | United Utilities | United Utilities Group plc | United Utilities Group | Utd Utilities | Utd. Utilities | VOD | VOD | Vodafone Group | Vodafone | Vodafone Group plc | Vodafone Grp | WTB | WTB | Whitbread | Whitbread plc | WPP | WPP | WPP plc | Wire and Plastic Products | Wire and Plastic Products plc